Defs,Key
ScaleProcesses,process
ScaleProcesses,from
ScaleProcesses,to
SubCompartProcesses,process
SubCompartProcesses,from
SubCompartProcesses,to
SpeciesProcesses,process
SpeciesProcesses,from
SpeciesProcesses,to
ScaleSubCompartData,VarName
ScaleSubCompartData,Scale
ScaleSubCompartData,SubCompart
ScaleSpeciesData,VarName
ScaleSpeciesData,Scale
ScaleSpeciesData,Species
SubCompartSpeciesData,VarName
SubCompartSpeciesData,SubCompart
SubCompartSpeciesData,Species
ScaleSheet,Scale
SubCompartSheet,SubCompart
SpeciesSheet,Species
Compartments,Compartment
Substances,Substance
SpeciesCompartments,VarName
SpeciesCompartments,Compartment
SpeciesCompartments,Species
SubstanceCompartments,VarName
SubstanceCompartments,Compartment
SubstanceCompartments,Substance
SubstanceSubCompartSpeciesData,VarName
SubstanceSubCompartSpeciesData,SubCompart
SubstanceSubCompartSpeciesData,Species
SubstanceSubCompartSpeciesData,Substance
CONSTANTS,VarName
MatrixSheet,Matrix
SomeFromTo,VarName
SomeFromTo,fromScale
SomeFromTo,fromSubCompart
SomeFromTo,toScale
SomeFromTo,toSubCompart
FlowIO,
QSARtable,QSAR.ChemClass
Units,VarName
